domain,key,en,ko,aliases
base,Abyssal Cuirass,Abyssal Cuirass,심연 흉갑,
base,Abyssal Flail,Abyssal Flail,심연 도리깨,
base,Abyssal Signet,Abyssal Signet,심연 인장 반지,
base,Acrid Wand,Acrid Wand,매캐한 마법봉,
base,Adherent Bow,Adherent Bow,추종자 활,
base,Adherent Cuffs,Adherent Cuffs,추종자 소맷단,
base,Adherent Leggings,Adherent Leggings,추종자 각반,
base,Adherent's Raiment,Adherent's Raiment,Adherent's 의복,
base,Adorned Gloves,Adorned Gloves,장식된 Gloves,
base,Adorned Wraps,Adorned Wraps,장식된 손싸개,
base,Aegis Buckler,Aegis Buckler,수호 버클러,
base,Aegis Quarterstaff,Aegis Quarterstaff,수호 육척봉,
base,Aged Cuffs,Aged Cuffs,낡은 소맷단,
base,Aged Tower Shield,Aged Tower Shield,낡은 타워 방패,
base,Akoyan Club,Akoyan Club,Akoyan 곤봉,
base,Akoyan Spear,Akoyan Spear,Akoyan 창,
base,Alloy Crossbow,Alloy Crossbow,합금 쇠뇌,
base,Alpha Talisman,Alpha Talisman,Alpha 부적,
base,Altar Robe,Altar Robe,Altar 로브,
base,Amber Amulet,Amber Amulet,호박 목걸이,
base,Amethyst Charm,Amethyst Charm,자수정 참,
base,Amethyst Ring,Amethyst Ring,자수정 반지,
base,Ancestor Tower Shield,Ancestor Tower Shield,선조 타워 방패,
base,Ancestral Mail,Ancestral Mail,선조 갑옷,
base,Ancestral Tiara,Ancestral Tiara,선조 관,
base,Anchorite Garb,Anchorite Garb,은둔자 복장,
base,Ancient Buckler,Ancient Buckler,고대 버클러,
base,Ancient Cuffs,Ancient Cuffs,고대 소맷단,
base,Ancient Greatblade,Ancient Greatblade,고대 대검,
base,Ancient Mitts,Ancient Mitts,고대 장갑,
base,Anima Quarterstaff,Anima Quarterstaff,Anima 육척봉,
base,Antidote Charm,Antidote Charm,해독제 참,
base,Antler Focus,Antler Focus,뿔 집중구,
base,Anvil Maul,Anvil Maul,모루 대형 망치,
base,Apostle Leggings,Apostle Leggings,Apostle 각반,
base,Arcane Dirk,Arcane Dirk,Arcane Dirk,
base,Arcane Raiment,Arcane Raiment,Arcane 의복,
base,Arced Claw,Arced Claw,Arced Claw,
base,Arced Longsword,Arced Longsword,Arced Longsword,
base,Arched Greataxe,Arched Greataxe,Arched Greataxe,
base,Archon Crown,Archon Crown,Archon Crown,
base,Arcing Quarterstaff,Arcing Quarterstaff,Arcing 육척봉,
base,Armoured Cap,Armoured Cap,Armoured Cap,
base,Armoured Claw,Armoured Claw,Armoured Claw,
base,Armoured Vest,Armoured Vest,Armoured Vest,
base,Aromatic Sceptre,Aromatic Sceptre,Aromatic Sceptre,
base,Array Buckler,Array Buckler,Array 버클러,
base,Arrayed Focus,Arrayed Focus,Arrayed 집중구,
base,Artillery Bow,Artillery Bow,Artillery 활,
base,Ascetic Garb,Ascetic Garb,Ascetic 복장,
base,Ashbark Talisman,Ashbark Talisman,Ashbark 부적,
base,Ashen Staff,Ashen Staff,Ashen Staff,
base,Assassin Garb,Assassin Garb,Assassin 복장,
base,Attuned Focus,Attuned Focus,Attuned 집중구,
base,Attuned Wand,Attuned Wand,Attuned 마법봉,
base,Aureate Targe,Aureate Targe,Aureate Targe,
base,Austere Garb,Austere Garb,Austere 복장,
base,Avian Mask,Avian Mask,Avian Mask,
base,Avian Robe,Avian Robe,Avian 로브,
base,Avian Targe,Avian Targe,Avian Targe,
base,Avian Tiara,Avian Tiara,Avian 관,
base,Azure Amulet,Azure Amulet,Azure 목걸이,
base,Bandage Wraps,Bandage Wraps,Bandage 손싸개,
base,Bandit Hatchet,Bandit Hatchet,Bandit Hatchet,
base,Bandit Mace,Bandit Mace,Bandit Mace,
base,Bandit Mask,Bandit Mask,Bandit Mask,
base,Bangled Sandals,Bangled Sandals,Bangled Sandals,
base,Barbarian Plate,Barbarian Plate,Barbarian Plate,
base,Barbarous Quarterstaff,Barbarous Quarterstaff,Barbarous 육척봉,
base,Barbed Bracers,Barbed Bracers,Barbed Bracers,
base,Barbed Spear,Barbed Spear,Barbed 창,
base,Baroque Gloves,Baroque Gloves,Baroque Gloves,
base,Baroque Targe,Baroque Targe,Baroque Targe,
base,Barricade Tower Shield,Barricade Tower Shield,Barricade 타워 방패,
base,Barrier Quarterstaff,Barrier Quarterstaff,방벽 육척봉,
base,Bastion Sabatons,Bastion Sabatons,Bastion Sabatons,
base,Battle Axe,Battle Axe,Battle Axe,
base,Battle Pick,Battle Pick,Battle Pick,
base,Beaded Circlet,Beaded Circlet,Beaded Circlet,
base,Bearded Axe,Bearded Axe,Bearded Axe,
base,Bearskin Mantle,Bearskin Mantle,Bearskin Mantle,
base,Blackfire Crossbow,Blackfire Crossbow,Blackfire 쇠뇌,
base,Blacksmith Maul,Blacksmith Maul,Blacksmith 대형 망치,
base,Blacksteel Crest Shield,Blacksteel Crest Shield,Blacksteel Crest 방패,
base,Blacksteel Gauntlets,Blacksteel Gauntlets,Blacksteel Gauntlets,
base,Blacksteel Sabatons,Blacksteel Sabatons,Blacksteel Sabatons,
base,Blacksteel Tower Shield,Blacksteel Tower Shield,Blacksteel 타워 방패,
base,Bladed Quarterstaff,Bladed Quarterstaff,Bladed 육척봉,
base,Bladed Shoes,Bladed Shoes,Bladed Shoes,
base,Bladeguard Buckler,Bladeguard Buckler,Bladeguard 버클러,
base,Blazon Crest Shield,Blazon Crest Shield,Blazon Crest 방패,
base,Bleak Crossbow,Bleak Crossbow,Bleak 쇠뇌,
base,Blessed Claymore,Blessed Claymore,Blessed Claymore,
base,Bloodletting Dagger,Bloodletting Dagger,Bloodletting Dagger,
base,Bloodstone Amulet,Bloodstone Amulet,Bloodstone 목걸이,
base,Blunt Quiver,Blunt Quiver,Blunt 화살통,
base,Boarding Hatchet,Boarding Hatchet,Boarding Hatchet,
base,Bold Sabatons,Bold Sabatons,Bold Sabatons,
base,Bolstered Mitts,Bolstered Mitts,Bolstered 장갑,
base,Bolting Quarterstaff,Bolting Quarterstaff,Bolting 육척봉,
base,Bombard Crossbow,Bombard Crossbow,Bombard 쇠뇌,
base,Bone Raiment,Bone Raiment,뼈 의복,
base,Bone Wand,Bone Wand,뼈 마법봉,
base,Bound Boots,Bound Boots,Bound Boots,
base,Bound Bracers,Bound Bracers,Bound Bracers,
base,Bound Cuffs,Bound Cuffs,Bound 소맷단,
base,Bound Leggings,Bound Leggings,Bound 각반,
base,Bound Sandals,Bound Sandals,Bound Sandals,
base,Braced Sabatons,Braced Sabatons,Braced Sabatons,
base,Braced Tower Shield,Braced Tower Shield,Braced 타워 방패,
base,Braided Cuffs,Braided Cuffs,Braided 소맷단,
base,Branched Spear,Branched Spear,Branched 창,
base,Breach Ring,Breach Ring,Breach 반지,
base,Brigand Mace,Brigand Mace,Brigand Mace,
base,Brigand Mask,Brigand Mask,Brigand Mask,
base,Brimmed Helm,Brimmed Helm,Brimmed Helm,
base,Broad Greatsword,Broad Greatsword,Broad Greatsword,
base,Broad Spear,Broad Spear,Broad 창,
base,Broadhead Quiver,Broadhead Quiver,Broadhead 화살통,
base,Broadsword,Broadsword,Broadsword,
base,Bronze Greaves,Bronze Greaves,Bronze Greaves,
base,Buckled Wraps,Buckled Wraps,Buckled 손싸개,
base,Bulwark Greaves,Bulwark Greaves,Bulwark Greaves,
base,Bulwark Tower Shield,Bulwark Tower Shield,Bulwark 타워 방패,
base,Burnished Gauntlets,Burnished Gauntlets,Burnished Gauntlets,
base,Cabalist Helm,Cabalist Helm,Cabalist Helm,
base,Calescent Hammer,Calescent Hammer,Calescent 망치,
base,Calm Leg,Calm Leg,Calm Leg,
base,Cambric Wraps,Cambric Wraps,Cambric 손싸개,
base,Cannonade Crossbow,Cannonade Crossbow,Cannonade 쇠뇌,
base,Captain Gauntlets,Captain Gauntlets,Captain Gauntlets,
base,Carved Greaves,Carved Greaves,Carved Greaves,
base,Carved Targe,Carved Targe,Carved Targe,
base,Carving Hatchet,Carving Hatchet,Carving Hatchet,
base,Caster Arm,Caster Arm,시전자 Arm,
base,Cavalry Boots,Cavalry Boots,Cavalry Boots,
base,Cavalry Bow,Cavalry Bow,Cavalry 활,
base,Ceremonial Halberd,Ceremonial Halberd,Ceremonial Halberd,
base,Ceremonial Robe,Ceremonial Robe,Ceremonial 로브,
base,Chain Flail,Chain Flail,연쇄 도리깨,
base,Chain Mail,Chain Mail,연쇄 갑옷,
base,Chain Tiara,Chain Tiara,연쇄 관,
base,Chain Vestments,Chain Vestments,연쇄 Vestments,
base,Champion Cuirass,Champion Cuirass,Champion 흉갑,
base,Champion Helm,Champion Helm,Champion Helm,
base,Changeling Talisman,Changeling Talisman,Changeling 부적,
base,Charmed Shoes,Charmed Shoes,Charmed Shoes,
base,Charred Shortsword,Charred Shortsword,Charred Shortsword,
base,Chieftain Cuirass,Chieftain Cuirass,Chieftain 흉갑,
base,Chiming Staff,Chiming Staff,Chiming Staff,
base,Chiseled Targe,Chiseled Targe,Chiseled Targe,
base,Cinched Boots,Cinched Boots,Cinched Boots,
base,Cinderbark Talisman,Cinderbark Talisman,Cinderbark 부적,
base,Cinquedea,Cinquedea,Cinquedea,
base,Clandestine Jacket,Clandestine Jacket,Clandestine Jacket,
base,Clasped Sceptre,Clasped Sceptre,Clasped Sceptre,
base,Cleansing Charm,Cleansing Charm,Cleansing 참,
base,Cleric Vestments,Cleric Vestments,Cleric Vestments,
base,Cloaked Mail,Cloaked Mail,Cloaked 갑옷,
base,Closed Helm,Closed Helm,Closed Helm,
base,Coiled Buckler,Coiled Buckler,Coiled 버클러,
base,Colossal Life Flask,Colossal Life Flask,Colossal 생명력 플라스크,
base,Colossal Mana Flask,Colossal Mana Flask,Colossal 마나 플라스크,
base,Colosseum Plate,Colosseum Plate,Colosseum Plate,
base,Combat Arm,Combat Arm,전투 Arm,
base,Commander Gauntlets,Commander Gauntlets,Commander Gauntlets,
base,Commander Greathelm,Commander Greathelm,Commander Greathelm,
base,Commander Sword,Commander Sword,Commander Sword,
base,Commanding Arm,Commanding Arm,Commanding Arm,
base,Composite Bow,Composite Bow,Composite 활,
base,Condemned Talisman,Condemned Talisman,Condemned 부적,
base,Conjurer Mantle,Conjurer Mantle,Conjurer Mantle,
base,Conqueror Plate,Conqueror Plate,Conqueror Plate,
base,Construct Crossbow,Construct Crossbow,Construct 쇠뇌,
base,Construct Hammer,Construct Hammer,Construct 망치,
base,Corroded Greathelm,Corroded Greathelm,Corroded Greathelm,
base,Corroded Longsword,Corroded Longsword,Corroded Longsword,
base,Corsair Cap,Corsair Cap,Corsair Cap,
base,Corsair Coat,Corsair Coat,Corsair Coat,
base,Corsair Vest,Corsair Vest,Corsair Vest,
base,Corvus Mantle,Corvus Mantle,Corvus Mantle,
base,Coursing Spear,Coursing Spear,Coursing 창,
base,Covered Sabatons,Covered Sabatons,Covered Sabatons,
base,Covert Hood,Covert Hood,Covert Hood,
base,Cowled Helm,Cowled Helm,Cowled Helm,
base,Crackling Quarterstaff,Crackling Quarterstaff,Crackling 육척봉,
base,Crescent Axe,Crescent Axe,Crescent Axe,
base,Crescent Quarterstaff,Crescent Quarterstaff,Crescent 육척봉,
base,Crescent Targe,Crescent Targe,Crescent Targe,
base,Crimson Amulet,Crimson Amulet,Crimson 목걸이,
base,Critical Wand,Critical Wand,치명타 마법봉,
base,Crone Knife,Crone Knife,Crone Knife,
base,Crossblade Spear,Crossblade Spear,Crossblade 창,
base,Crown Mace,Crown Mace,Crown Mace,
base,Crucible Tower Shield,Crucible Tower Shield,Crucible 타워 방패,
base,Crude Bow,Crude Bow,Crude 활,
base,Crude Claw,Crude Claw,Crude Claw,
base,Cruel Talisman,Cruel Talisman,Cruel 부적,
base,Crumbling Maul,Crumbling Maul,Crumbling 대형 망치,
base,Cryptic Crown,Cryptic Crown,Cryptic Crown,
base,Cryptic Helm,Cryptic Helm,Cryptic Helm,
base,Cryptic Leggings,Cryptic Leggings,Cryptic 각반,
base,Crystal Focus,Crystal Focus,Crystal 집중구,
base,Cultist Bow,Cultist Bow,Cultist 활,
base,Cultist Crown,Cultist Crown,Cultist Crown,
base,Cultist Focus,Cultist Focus,Cultist 집중구,
base,Cultist Gauntlets,Cultist Gauntlets,Cultist Gauntlets,
base,Cultist Greathammer,Cultist Greathammer,Cultist Greathammer,
base,Cultist Tower Shield,Cultist Tower Shield,Cultist 타워 방패,
base,Cumbrous Crossbow,Cumbrous Crossbow,Cumbrous 쇠뇌,
base,Cursespeaker's Robe,Cursespeaker's Robe,Cursespeaker's 로브,
base,Cutlass,Cutlass,Cutlass,
base,Daggerfoot Shoes,Daggerfoot Shoes,Daggerfoot Shoes,
base,Dark Blade,Dark Blade,Dark Blade,
base,Dark Staff,Dark Staff,Dark Staff,
base,Dastard Armour,Dastard Armour,Dastard 방어도,
base,Death Mail,Death Mail,Death 갑옷,
base,Death Mantle,Death Mantle,Death Mantle,
base,Death Mask,Death Mask,Death Mask,
base,Decorated Helm,Decorated Helm,Decorated Helm,
base,Decrepifying Arm,Decrepifying Arm,Decrepifying Arm,
base,Dedalian Crossbow,Dedalian Crossbow,Dedalian 쇠뇌,
base,Deerstalker Hood,Deerstalker Hood,Deerstalker Hood,
base,Defiant Tower Shield,Defiant Tower Shield,Defiant 타워 방패,
base,Deflective Arm,Deflective Arm,Deflective Arm,
base,Deified Crest Shield,Deified Crest Shield,Deified Crest 방패,
base,Dekharan Crest Shield,Dekharan Crest Shield,Dekharan Crest 방패,
base,Descry Crest Shield,Descry Crest Shield,Descry Crest 방패,
base,Desert Buckler,Desert Buckler,Desert 버클러,
base,Desert Cap,Desert Cap,Desert Cap,
base,Desert Circlet,Desert Circlet,Desert Circlet,
base,Desolate Crossbow,Desolate Crossbow,Desolate 쇠뇌,
base,Detailed Mitts,Detailed Mitts,Detailed 장갑,
base,Devotional Sceptre,Devotional Sceptre,Devotional Sceptre,
base,Devouring Sceptre,Devouring Sceptre,Devouring Sceptre,
base,Devout Garb,Devout Garb,Devout 복장,
base,Diamond,Diamond,Diamond,
base,Disintegrating Maul,Disintegrating Maul,Disintegrating 대형 망치,
base,Distorted Amulet,Distorted Amulet,Distorted 목걸이,
base,Divine Crown,Divine Crown,Divine Crown,
base,Domed Helm,Domed Helm,Domed Helm,
base,Double Belt,Double Belt,Double Belt,
base,Double Limb Bow,Double Limb Bow,Double Limb 활,
base,Doubled Gauntlets,Doubled Gauntlets,Doubled Gauntlets,
base,Dousing Charm,Dousing Charm,Dousing 참,
base,Dragonscale Boots,Dragonscale Boots,Dragonscale Boots,
base,Drakeskin Boots,Drakeskin Boots,Drakeskin Boots,
base,Dread Hatchet,Dread Hatchet,Dread Hatchet,
base,Dreaming Quarterstaff,Dreaming Quarterstaff,Dreaming 육척봉,
base,Druidic Circlet,Druidic Circlet,Druidic Circlet,
base,Druidic Crown,Druidic Crown,Druidic Crown,
base,Druidic Focus,Druidic Focus,Druidic 집중구,
base,Dualstring Bow,Dualstring Bow,Dualstring 활,
base,Dueling Wand,Dueling Wand,Dueling 마법봉,
base,Dull Hatchet,Dull Hatchet,Dull Hatchet,
base,Dunerunner Sandals,Dunerunner Sandals,Dunerunner Sandals,
base,Dusk Amulet,Dusk Amulet,Dusk 목걸이,
base,Dusk Ring,Dusk Ring,Dusk 반지,
base,Dyad Crossbow,Dyad Crossbow,Dyad 쇠뇌,
base,Edged Buckler,Edged Buckler,Edged 버클러,
base,Edged Claw,Edged Claw,Edged Claw,
base,Effigial Tower Shield,Effigial Tower Shield,Effigial 타워 방패,
base,Elaborate Sandals,Elaborate Sandals,Elaborate Sandals,
base,Elegant Crossbow,Elegant Crossbow,Elegant 쇠뇌,
base,Elegant Focus,Elegant Focus,Elegant 집중구,
base,Elegant Glaive,Elegant Glaive,Elegant Glaive,
base,Elegant Greathelm,Elegant Greathelm,Elegant Greathelm,
base,Elegant Greaves,Elegant Greaves,Elegant Greaves,
base,Elegant Mitts,Elegant Mitts,Elegant 장갑,
base,Elegant Plate,Elegant Plate,Elegant Plate,
base,Elegant Slippers,Elegant Slippers,Elegant Slippers,
base,Elegant Wraps,Elegant Wraps,Elegant 손싸개,
base,Elementalist Robe,Elementalist Robe,Elementalist 로브,
base,Elite Greathelm,Elite Greathelm,Elite Greathelm,
base,Embellished Gloves,Embellished Gloves,Embellished Gloves,
base,Ember Greataxe,Ember Greataxe,Ember Greataxe,
base,Emblem Crest Shield,Emblem Crest Shield,Emblem Crest 방패,
base,Embossed Boots,Embossed Boots,Embossed Boots,
base,Embroidered Boots,Embroidered Boots,Embroidered Boots,
base,Embroidered Gloves,Embroidered Gloves,Embroidered Gloves,
base,Emerald,Emerald,Emerald,
base,Emerald Ring,Emerald Ring,Emerald 반지,
base,Empyreal Crest Shield,Empyreal Crest Shield,Empyreal Crest 방패,
base,Energy Blade One Handed,Energy Blade One Handed,에너지 Blade One Handed,
base,Energy Blade Two Handed,Energy Blade Two Handed,에너지 Blade Two Handed,
base,Engraved Bracers,Engraved Bracers,Engraved Bracers,
base,Engraved Crest Shield,Engraved Crest Shield,Engraved Crest 방패,
base,Engraved Crossbow,Engraved Crossbow,Engraved 쇠뇌,
base,Engraved Focus,Engraved Focus,Engraved 집중구,
base,Engraved Helm,Engraved Helm,Engraved Helm,
base,Engraved Knife,Engraved Knife,Engraved Knife,
base,Enlightened Robe,Enlightened Robe,Enlightened 로브,
base,Esoteric Crossbow,Esoteric Crossbow,Esoteric 쇠뇌,
base,Ethereal Blade,Ethereal Blade,Ethereal Blade,
base,Evangelist Garb,Evangelist Garb,Evangelist 복장,
base,Evasive Leg,Evasive Leg,Evasive Leg,
base,Execratus Hammer,Execratus Hammer,Execratus 망치,
base,Executioner Greataxe,Executioner Greataxe,Executioner Greataxe,
base,Explorer Armour,Explorer Armour,Explorer 방어도,
base,Exquisite Vest,Exquisite Vest,Exquisite Vest,
base,Extended Cleaver,Extended Cleaver,Extended Cleaver,
base,Face Mask,Face Mask,Face Mask,
base,Faithful Leggings,Faithful Leggings,Faithful 각반,
base,Falchion,Falchion,Falchion,
base,Falconer's Jacket,Falconer's Jacket,Falconer's Jacket,
base,Familial Talisman,Familial Talisman,Familial 부적,
base,Fanatic Bow,Fanatic Bow,Fanatic 활,
base,Fanatic Greathammer,Fanatic Greathammer,Fanatic Greathammer,
base,Fang Talisman,Fang Talisman,Fang 부적,
base,Faridun Mask,Faridun Mask,Faridun Mask,
base,Feathered Mitts,Feathered Mitts,Feathered 장갑,
base,Feathered Raiment,Feathered Raiment,Feathered 의복,
base,Feathered Robe,Feathered Robe,Feathered 로브,
base,Feathered Sandals,Feathered Sandals,Feathered Sandals,
base,Feathered Targe,Feathered Targe,Feathered Targe,
base,Feathered Tiara,Feathered Tiara,Feathered 관,
base,Felled Greatclub,Felled Greatclub,Felled Greatclub,
base,Felt Cap,Felt Cap,Felt Cap,
base,Fierce Greathelm,Fierce Greathelm,Fierce Greathelm,
base,Fine Belt,Fine Belt,Fine Belt,
base,Fine Bracers,Fine Bracers,Fine Bracers,
base,Fire Quiver,Fire Quiver,화염 화살통,
base,Firm Bracers,Firm Bracers,Firm Bracers,
base,Fishing Rod,Fishing Rod,Fishing Rod,
base,Flanged Greatblade,Flanged Greatblade,Flanged 대검,
base,Flanged Mace,Flanged Mace,Flanged Mace,
base,Flared Boots,Flared Boots,Flared Boots,
base,Flared Mace,Flared Mace,Flared Mace,
base,Flax Sandals,Flax Sandals,Flax Sandals,
base,Flexed Crossbow,Flexed Crossbow,Flexed 쇠뇌,
base,Flexile Sabatons,Flexile Sabatons,Flexile Sabatons,
base,Flowing Raiment,Flowing Raiment,Flowing 의복,
base,Flying Spear,Flying Spear,Flying 창,
base,Forest Crown,Forest Crown,Forest Crown,
base,Forge Maul,Forge Maul,Forge 대형 망치,
base,Forked Claw,Forked Claw,Forked Claw,
base,Forked Spear,Forked Spear,Forked 창,
base,Fortified Hammer,Fortified Hammer,Fortified 망치,
base,Fortress Sabatons,Fortress Sabatons,Fortress Sabatons,
base,Fortress Tower Shield,Fortress Tower Shield,Fortress 타워 방패,
base,Frayed Shoes,Frayed Shoes,Frayed Shoes,
base,Freebooter Cap,Freebooter Cap,Freebooter Cap,
base,Frenzied Talisman,Frenzied Talisman,Frenzied 부적,
base,Frigid Wand,Frigid Wand,Frigid 마법봉,
base,Full Plate,Full Plate,Full Plate,
base,Fungal Talisman,Fungal Talisman,Fungal 부적,
base,Fur Plate,Fur Plate,Fur Plate,
base,Fur-lined Targe,Fur-lined Targe,Fur-lined Targe,
base,Furtive Wraps,Furtive Wraps,Furtive 손싸개,
base,Fury Cleaver,Fury Cleaver,Fury Cleaver,
base,Fury Talisman,Fury Talisman,Fury 부적,
base,Gallant Helm,Gallant Helm,Gallant Helm,
base,Galvanic Wand,Galvanic Wand,Galvanic 마법봉,
base,Gargantuan Life Flask,Gargantuan Life Flask,Gargantuan 생명력 플라스크,
base,Gargantuan Mana Flask,Gargantuan Mana Flask,Gargantuan 마나 플라스크,
base,Garment,Garment,Garment,
base,Gauze Wraps,Gauze Wraps,Gauze 손싸개,
base,Gelid Staff,Gelid Staff,Gelid Staff,
base,Gemini Bow,Gemini Bow,Gemini 활,
base,Gemini Crossbow,Gemini Crossbow,Gemini 쇠뇌,
base,Giant Life Flask,Giant Life Flask,Giant 생명력 플라스크,
base,Giant Mana Flask,Giant Mana Flask,Giant 마나 플라스크,
base,Giant Maul,Giant Maul,Giant 대형 망치,
base,Gilded Vestments,Gilded Vestments,Gilded Vestments,
base,Gilt Leggings,Gilt Leggings,Gilt 각반,
base,Gladiator Armour,Gladiator Armour,Gladiator 방어도,
base,Gladiatoral Helm,Gladiatoral Helm,Gladiatoral Helm,
base,Gladiatorial Helm,Gladiatorial Helm,Gladiatorial Helm,
base,Glass Shank,Glass Shank,Glass Shank,
base,Gleaming Cuffs,Gleaming Cuffs,Gleaming 소맷단,
base,Gloam Amulet,Gloam Amulet,Gloam 목걸이,
base,Gloam Ring,Gloam Ring,Gloam 반지,
base,Glorious Plate,Glorious Plate,Glorious Plate,
base,Glowering Crest Shield,Glowering Crest Shield,Glowering Crest 방패,
base,Gold Amulet,Gold Amulet,Gold 목걸이,
base,Gold Circlet,Gold Circlet,Gold Circlet,
base,Gold Gloves,Gold Gloves,Gold Gloves,
base,Gold Ring,Gold Ring,Gold 반지,
base,Goldcast Cuffs,Goldcast Cuffs,Goldcast 소맷단,
base,Golden Blade,Golden Blade,Golden Blade,
base,Golden Caligae,Golden Caligae,Golden Caligae,
base,Golden Charm,Golden Charm,Golden 참,
base,Golden Flame,Golden Flame,Golden 화염,
base,Golden Hoop,Golden Hoop,Golden Hoop,
base,Golden Mail,Golden Mail,Golden 갑옷,
base,Golden Mantle,Golden Mantle,Golden Mantle,
base,Golden Obi,Golden Obi,Golden Obi,
base,Golden Targe,Golden Targe,Golden Targe,
base,Golden Visage,Golden Visage,Golden Visage,
base,Golden Wreath,Golden Wreath,Golden Wreath,
base,Goldwork Sabatons,Goldwork Sabatons,Goldwork Sabatons,
base,Goldworked Tower Shield,Goldworked Tower Shield,Goldworked 타워 방패,
base,Goliath Greathelm,Goliath Greathelm,Goliath Greathelm,
base,Gothic Quarterstaff,Gothic Quarterstaff,Gothic 육척봉,
base,Graceful Quarterstaff,Graceful Quarterstaff,Graceful 육척봉,
base,Grand Bracers,Grand Bracers,Grand Bracers,
base,Grand Cuisses,Grand Cuisses,Grand Cuisses,
base,Grand Life Flask,Grand Life Flask,Grand 생명력 플라스크,
base,Grand Mana Flask,Grand Mana Flask,Grand 마나 플라스크,
base,Grand Manchettes,Grand Manchettes,Grand Manchettes,
base,Grand Mitts,Grand Mitts,Grand 장갑,
base,Grand Regalia,Grand Regalia,Grand Regalia,
base,Grand Spear,Grand Spear,Grand 창,
base,Grand Targe,Grand Targe,Grand Targe,
base,Grand Visage,Grand Visage,Grand Visage,
base,Great Flail,Great Flail,Great 도리깨,
base,Greatbow,Greatbow,Greatbow,
base,Greater Life Flask,Greater Life Flask,Greater 생명력 플라스크,
base,Greater Mana Flask,Greater Mana Flask,Greater 마나 플라스크,
base,Greatmace,Greatmace,Greatmace,
base,Grim Gloves,Grim Gloves,Grim Gloves,
base,Grinning Mask,Grinning Mask,Grinning Mask,
base,Grounding Charm,Grounding Charm,Grounding 참,
base,Guarded Flail,Guarded Flail,Guarded 도리깨,
base,Guarded Helm,Guarded Helm,Guarded Helm,
base,Guardian Bow,Guardian Bow,Guardian 활,
base,Guardian Greathelm,Guardian Greathelm,Guardian Greathelm,
base,Guardian Quarterstaff,Guardian Quarterstaff,Guardian 육척봉,
base,Guardian Spear,Guardian Spear,Guardian 창,
base,Guarding Arm,Guarding Arm,Guarding Arm,
base,Gutspike Buckler,Gutspike Buckler,Gutspike 버클러,
base,Hallowed Crown,Hallowed Crown,Hallowed Crown,
base,Hallowed Focus,Hallowed Focus,Hallowed 집중구,
base,Hallowed Sceptre,Hallowed Sceptre,Hallowed Sceptre,
base,Hardened Bracers,Hardened Bracers,Hardened Bracers,
base,Hardleather Coat,Hardleather Coat,Hardleather Coat,
base,Hardwood Spear,Hardwood Spear,Hardwood 창,
base,Hardwood Targe,Hardwood Targe,Hardwood Targe,
base,Hatungo Garb,Hatungo Garb,Hatungo 복장,
base,Havoc Raiment,Havoc Raiment,Havoc 의복,
base,Hawker's Jacket,Hawker's Jacket,Hawker's Jacket,
base,Heartcarver Mantle,Heartcarver Mantle,Heartcarver Mantle,
base,Heavy Belt,Heavy Belt,Heavy Belt,
base,Heavy Bow,Heavy Bow,Heavy 활,
base,Heavy Crown,Heavy Crown,Heavy Crown,
base,Heavy Greathammer,Heavy Greathammer,Heavy Greathammer,
base,Heavy Plate,Heavy Plate,Heavy Plate,
base,Hefty Quarterstaff,Hefty Quarterstaff,Hefty 육척봉,
base,Heirloom Cuffs,Heirloom Cuffs,Heirloom 소맷단,
base,Helix Spear,Helix Spear,Helix 창,
base,Heraldric Tower Shield,Heraldric Tower Shield,Heraldric 타워 방패,
base,Hermit Garb,Hermit Garb,Hermit 복장,
base,Heroic Armour,Heroic Armour,Heroic 방어도,
base,Hewn Mask,Hewn Mask,Hewn Mask,
base,Hexer's Robe,Hexer's Robe,Hexer's 로브,
base,Holy Flail,Holy Flail,Holy 도리깨,
base,Homeguard Greathelm,Homeguard Greathelm,Homeguard Greathelm,
base,Hooded Mask,Hooded Mask,Hooded Mask,
base,Hook Axe,Hook Axe,Hook Axe,
base,Hooked Claw,Hooked Claw,Hooked Claw,
base,Horned Crown,Horned Crown,Horned Crown,
base,Howling Talisman,Howling Talisman,Howling 부적,
base,Hunter Hood,Hunter Hood,Hunter Hood,
base,Hunting Bracers,Hunting Bracers,Hunting Bracers,
base,Hunting Coat,Hunting Coat,Hunting Coat,
base,Hunting Shoes,Hunting Shoes,Hunting Shoes,
base,Hunting Spear,Hunting Spear,Hunting 창,
base,Icicle Flail,Icicle Flail,Icicle 도리깨,
base,Icicle Staff,Icicle Staff,Icicle Staff,
base,Imperial Greathelm,Imperial Greathelm,Imperial Greathelm,
base,Imperial Robe,Imperial Robe,Imperial 로브,
base,Inquisitor Crown,Inquisitor Crown,Inquisitor Crown,
base,Intricate Crest Shield,Intricate Crest Shield,Intricate Crest 방패,
base,Intricate Gloves,Intricate Gloves,Intricate Gloves,
base,Iron Buckler,Iron Buckler,Iron 버클러,
base,Iron Crown,Iron Crown,Iron Crown,
base,Iron Cuirass,Iron Cuirass,Iron 흉갑,
base,Iron Flail,Iron Flail,Iron 도리깨,
base,Iron Greatsword,Iron Greatsword,Iron Greatsword,
base,Iron Greaves,Iron Greaves,Iron Greaves,
base,Iron Ring,Iron Ring,Iron 반지,
base,Ironclad Vestments,Ironclad Vestments,Ironclad Vestments,
base,Ironhead Spear,Ironhead Spear,Ironhead 창,
base,Ironmail Gauntlets,Ironmail Gauntlets,Ironmail Gauntlets,
base,Ironwood Greathammer,Ironwood Greathammer,Ironwood Greathammer,
base,Ironwood Shortbow,Ironwood Shortbow,Ironwood Shortbow,
base,Ironwood Targe,Ironwood Targe,Ironwood Targe,
base,Itinerant Jacket,Itinerant Jacket,Itinerant Jacket,
base,Jade Amulet,Jade Amulet,Jade 목걸이,
base,Jade Club,Jade Club,Jade 곤봉,
base,Jade Talisman,Jade Talisman,Jade 부적,
base,Jade Tiara,Jade Tiara,Jade 관,
base,Jagged Greataxe,Jagged Greataxe,Jagged Greataxe,
base,Jagged Spear,Jagged Spear,Jagged 창,
base,Jewelled Gloves,Jewelled Gloves,Jewelled Gloves,
base,Jingling Buckler,Jingling Buckler,Jingling 버클러,
base,Jingling Crest Shield,Jingling Crest Shield,Jingling Crest 방패,
base,Jingling Focus,Jingling Focus,Jingling 집중구,
base,Juggernaut Plate,Juggernaut Plate,Juggernaut Plate,
base,Jungle Tiara,Jungle Tiara,Jungle 관,
base,Kalguuran Forgehammer,Kalguuran Forgehammer,Kalguuran Forgehammer,
base,Kamasan Tiara,Kamasan Tiara,Kamasan 관,
base,Keen Greatsword,Keen Greatsword,Keen Greatsword,
base,Keth Raiment,Keth Raiment,Keth 의복,
base,Keyblade,Keyblade,Keyblade,
base,Knight Armour,Knight Armour,Knight 방어도,
base,Knightly Mitts,Knightly Mitts,Knightly 장갑,
base,Kris Knife,Kris Knife,Kris Knife,
base,Lace Hood,Lace Hood,Lace Hood,
base,Laced Boots,Laced Boots,Laced Boots,
base,Laced Sandals,Laced Sandals,Laced Sandals,
base,Lamellar Mail,Lamellar Mail,Lamellar 갑옷,
base,Laminate Buckler,Laminate Buckler,Laminate 버클러,
base,Lapis Amulet,Lapis Amulet,Lapis 목걸이,
base,Lattice Sandals,Lattice Sandals,Lattice Sandals,
base,Lavish Crown,Lavish Crown,Lavish Crown,
base,Layered Gauntlets,Layered Gauntlets,Layered Gauntlets,
base,Layered Vest,Layered Vest,Layered Vest,
base,Lazuli Ring,Lazuli Ring,Lazuli 반지,
base,Leaden Greathammer,Leaden Greathammer,Leaden Greathammer,
base,Leather Buckler,Leather Buckler,Leather 버클러,
base,Leather Vest,Leather Vest,Leather Vest,
base,Leatherbound Hood,Leatherbound Hood,Leatherbound Hood,
base,Leatherplate Boots,Leatherplate Boots,Leatherplate Boots,
base,Lesser Life Flask,Lesser Life Flask,Lesser 생명력 플라스크,
base,Lesser Mana Flask,Lesser Mana Flask,Lesser 마나 플라스크,
base,Leyline Focus,Leyline Focus,Leyline 집중구,
base,Light Halberd,Light Halberd,Light Halberd,
base,Linen Belt,Linen Belt,Linen Belt,
base,Linen Wraps,Linen Wraps,Linen 손싸개,
base,Lionheart Greaves,Lionheart Greaves,Lionheart Greaves,
base,Lizardscale Boots,Lizardscale Boots,Lizardscale Boots,
base,Lizardscale Coat,Lizardscale Coat,Lizardscale Coat,
base,Long Belt,Long Belt,Long Belt,
base,Long Quarterstaff,Long Quarterstaff,Long 육척봉,
base,Lumbering Talisman,Lumbering Talisman,Lumbering 부적,
base,Lumen Mace,Lumen Mace,Lumen Mace,
base,Lunar Amulet,Lunar Amulet,Lunar 목걸이,
base,Lunar Quarterstaff,Lunar Quarterstaff,Lunar 육척봉,
base,Lupine Sceptre,Lupine Sceptre,Lupine Sceptre,
base,Luxurious Robe,Luxurious Robe,Luxurious 로브,
base,Luxurious Slippers,Luxurious Slippers,Luxurious Slippers,
base,Magus Focus,Magus Focus,Magus 집중구,
base,Magus Tiara,Magus Tiara,Magus 관,
base,Mail Belt,Mail Belt,갑옷 Belt,
base,Mail Breaker,Mail Breaker,갑옷 Breaker,
base,Mail Coat,Mail Coat,갑옷 Coat,
base,Mail Sabatons,Mail Sabatons,갑옷 Sabatons,
base,Mail Vestments,Mail Vestments,갑옷 Vestments,
base,Mailed Crown,Mailed Crown,Mailed Crown,
base,Maji Talisman,Maji Talisman,Maji 부적,
base,Makeshift Crossbow,Makeshift Crossbow,Makeshift 쇠뇌,
base,Mammoth Targe,Mammoth Targe,Mammoth Targe,
base,Mantled Mail,Mantled Mail,Mantled 갑옷,
base,Marabout Garb,Marabout Garb,Marabout 복장,
base,Maraketh Cuirass,Maraketh Cuirass,Maraketh 흉갑,
base,Marauding Mace,Marauding Mace,Marauding Mace,
base,Marching Mace,Marching Mace,Marching Mace,
base,Martyr Crown,Martyr Crown,Martyr Crown,
base,Masked Greathelm,Masked Greathelm,Masked Greathelm,
base,Massive Greathammer,Massive Greathammer,Massive Greathammer,
base,Massive Mitts,Massive Mitts,Massive 장갑,
base,Massive Spear,Massive Spear,Massive 창,
base,Medium Life Flask,Medium Life Flask,Medium 생명력 플라스크,
base,Medium Mana Flask,Medium Mana Flask,Medium 마나 플라스크,
base,Mercenary Greathelm,Mercenary Greathelm,Mercenary Greathelm,
base,Mercenary Targe,Mercenary Targe,Mercenary Targe,
base,Messer,Messer,Messer,
base,Metalworked Tower Shield,Metalworked Tower Shield,Metalworked 타워 방패,
base,Militant Bow,Militant Bow,Militant 활,
base,Molten Hammer,Molten Hammer,Molten 망치,
base,Monastic Garb,Monastic Garb,Monastic 복장,
base,Monument Greataxe,Monument Greataxe,Monument Greataxe,
base,Monument Greaves,Monument Greaves,Monument Greaves,
base,Moon Dagger,Moon Dagger,Moon Dagger,
base,Morning Star,Morning Star,Morning Star,
base,Mosaic Targe,Mosaic Targe,Mosaic Targe,
base,Moulded Mitts,Moulded Mitts,Moulded 장갑,
base,Mystic Raiment,Mystic Raiment,Mystic 의복,
base,Narrow Hood,Narrow Hood,Narrow Hood,
base,Nettle Talisman,Nettle Talisman,Nettle 부적,
base,Noble Circlet,Noble Circlet,Noble Circlet,
base,Noble Greathelm,Noble Greathelm,Noble Greathelm,
base,Noble Sabatons,Noble Sabatons,Noble Sabatons,
base,Noble Tower Shield,Noble Tower Shield,Noble 타워 방패,
base,Oak Buckler,Oak Buckler,Oak 버클러,
base,Oak Greathammer,Oak Greathammer,Oak Greathammer,
base,Oak Mask,Oak Mask,Oak Mask,
base,Obliterator Bow,Obliterator Bow,Obliterator 활,
base,Obsidian Dagger,Obsidian Dagger,Obsidian Dagger,
base,Obsidian Greatsword,Obsidian Greatsword,Obsidian Greatsword,
base,Occultist Mantle,Occultist Mantle,Occultist Mantle,
base,Ochre Sceptre,Ochre Sceptre,Ochre Sceptre,
base,Offering Wand,Offering Wand,공물 마법봉,
base,Oiled Jacket,Oiled Jacket,Oiled Jacket,
base,Omen Crest Shield,Omen Crest Shield,Omen Crest 방패,
base,Omen Sceptre,Omen Sceptre,Omen Sceptre,
base,Ominous Gloves,Ominous Gloves,Ominous Gloves,
base,Opulent Gloves,Opulent Gloves,Opulent Gloves,
base,Orichalcum Spear,Orichalcum Spear,Orichalcum 창,
base,Ornate Belt,Ornate Belt,Ornate Belt,
base,Ornate Buckler,Ornate Buckler,Ornate 버클러,
base,Ornate Cuffs,Ornate Cuffs,Ornate 소맷단,
base,Ornate Gauntlets,Ornate Gauntlets,Ornate Gauntlets,
base,Ornate Greaves,Ornate Greaves,Ornate Greaves,
base,Ornate Mitts,Ornate Mitts,Ornate 장갑,
base,Ornate Plate,Ornate Plate,Ornate Plate,
base,Padded Leggings,Padded Leggings,Padded 각반,
base,Painted Buckler,Painted Buckler,Painted 버클러,
base,Painted Crest Shield,Painted Crest Shield,Painted Crest 방패,
base,Painted Crossbow,Painted Crossbow,Painted 쇠뇌,
base,Painted Tower Shield,Painted Tower Shield,Painted 타워 방패,
base,Paragon Greathelm,Paragon Greathelm,Paragon Greathelm,
base,Paralysing Staff,Paralysing Staff,Paralysing Staff,
base,Pariah Mask,Pariah Mask,Pariah Mask,
base,Parrying Dagger,Parrying Dagger,Parrying Dagger,
base,Patchwork Vest,Patchwork Vest,Patchwork Vest,
base,Pathfinder Coat,Pathfinder Coat,Pathfinder Coat,
base,Pauascale Gloves,Pauascale Gloves,Pauascale Gloves,
base,Pearl Buckler,Pearl Buckler,Pearl 버클러,
base,Pearl Ring,Pearl Ring,Pearl 반지,
base,Pearlescent Amulet,Pearlescent Amulet,Pearlescent 목걸이,
base,Pelage Targe,Pelage Targe,Pelage Targe,
base,Pelt Leggings,Pelt Leggings,Pelt 각반,
base,Pelt Mantle,Pelt Mantle,Pelt Mantle,
base,Penetrating Quiver,Penetrating Quiver,Penetrating 화살통,
base,Penumbra Amulet,Penumbra Amulet,Penumbra 목걸이,
base,Penumbra Ring,Penumbra Ring,Penumbra 반지,
base,Permafrost Staff,Permafrost Staff,Permafrost Staff,
base,Phalanx Tower Shield,Phalanx Tower Shield,Phalanx 타워 방패,
base,Pict Claw,Pict Claw,Pict Claw,
base,Piercing Claw,Piercing Claw,Piercing Claw,
base,Piercing Crossbow,Piercing Crossbow,Piercing 쇠뇌,
base,Pilgrim Vestments,Pilgrim Vestments,Pilgrim Vestments,
base,Pious Leggings,Pious Leggings,Pious 각반,
base,Pious Sceptre,Pious Sceptre,Pious Sceptre,
base,Plate Belt,Plate Belt,Plate Belt,
base,Plate Gauntlets,Plate Gauntlets,Plate Gauntlets,
base,Plated Buckler,Plated Buckler,Plated 버클러,
base,Plated Claw,Plated Claw,Plated Claw,
base,Plated Greaves,Plated Greaves,Plated Greaves,
base,Plated Mace,Plated Mace,Plated Mace,
base,Plated Mitts,Plated Mitts,Plated 장갑,
base,Plated Raiment,Plated Raiment,Plated 의복,
base,Plated Vestments,Plated Vestments,Plated Vestments,
base,Plumed Focus,Plumed Focus,Plumed 집중구,
base,Pointed Maul,Pointed Maul,Pointed 대형 망치,
base,Polished Bracers,Polished Bracers,Polished Bracers,
base,Polished Targe,Polished Targe,Polished Targe,
base,Precise Greathammer,Precise Greathammer,Precise Greathammer,
base,Primal Talisman,Primal Talisman,Primal 부적,
base,Primed Quiver,Primed Quiver,Primed 화살통,
base,Primordial Wand,Primordial Wand,Primordial 마법봉,
base,Prismatic Ring,Prismatic Ring,Prismatic 반지,
base,Profane Cleaver,Profane Cleaver,Profane Cleaver,
base,Pronged Spear,Pronged Spear,Pronged 창,
base,Protector Bow,Protector Bow,Protector 활,
base,Pyrophyte Staff,Pyrophyte Staff,Pyrophyte Staff,
base,Quartered Crest Shield,Quartered Crest Shield,Quartered Crest 방패,
base,Quickslip Shoes,Quickslip Shoes,Quickslip Shoes,
base,Quilted Vest,Quilted Vest,Quilted Vest,
base,Rabid Talisman,Rabid Talisman,Rabid 부적,
base,Raider Plate,Raider Plate,Raider Plate,
base,Rambler Jacket,Rambler Jacket,Rambler Jacket,
base,Rampart Tower Shield,Rampart Tower Shield,Rampart 타워 방패,
base,Rattling Sceptre,Rattling Sceptre,Rattling Sceptre,
base,Ravenous Staff,Ravenous Staff,Ravenous Staff,
base,Rawhide Belt,Rawhide Belt,Rawhide Belt,
base,Rawhide Boots,Rawhide Boots,Rawhide Boots,
base,Razor Quarterstaff,Razor Quarterstaff,Razor 육척봉,
base,Razorglass Claw,Razorglass Claw,Razorglass Claw,
base,Reaching Quarterstaff,Reaching Quarterstaff,Reaching 육척봉,
base,Reaping Staff,Reaping Staff,Reaping Staff,
base,Reaver Glaive,Reaver Glaive,Reaver Glaive,
base,Recurve Bow,Recurve Bow,Recurve 활,
base,Reefsteel Greaves,Reefsteel Greaves,Reefsteel Greaves,
base,Refined Bracers,Refined Bracers,Refined Bracers,
base,Reflecting Staff,Reflecting Staff,Reflecting Staff,
base,Regalia Longsword,Regalia Longsword,Regalia Longsword,
base,Rending Halberd,Rending Halberd,Rending Halberd,
base,Rending Staff,Rending Staff,Rending Staff,
base,Restorative Leg,Restorative Leg,Restorative Leg,
base,Revered Vestments,Revered Vestments,Revered Vestments,
base,Rhoahide Coat,Rhoahide Coat,Rhoahide Coat,
base,Rider Bow,Rider Bow,Rider 활,
base,Ridged Buckler,Ridged Buckler,Ridged 버클러,
base,Riding Coat,Riding Coat,Riding Coat,
base,Righteous Cuffs,Righteous Cuffs,Righteous 소맷단,
base,Ring,Ring,반지,
base,Ring Flail,Ring Flail,반지 도리깨,
base,Ring Mail,Ring Mail,반지 갑옷,
base,Ringed Buckler,Ringed Buckler,Ringed 버클러,
base,Ringmail Gauntlets,Ringmail Gauntlets,Ringmail Gauntlets,
base,Rippled Greatsword,Rippled Greatsword,Rippled Greatsword,
base,River Raiment,River Raiment,River 의복,
base,Riveted Mitts,Riveted Mitts,Riveted 장갑,
base,Roaring Staff,Roaring Staff,Roaring Staff,
base,Roaring Talisman,Roaring Talisman,Roaring 부적,
base,Robust Crossbow,Robust Crossbow,Robust 쇠뇌,
base,Rogue Armour,Rogue Armour,Rogue 방어도,
base,Rope Cuffs,Rope Cuffs,Rope 소맷단,
base,Rotted Hood,Rotted Hood,Rotted Hood,
base,Rough Greaves,Rough Greaves,Rough Greaves,
base,Royal Tower Shield,Royal Tower Shield,Royal 타워 방패,
base,Ruby,Ruby,Ruby,
base,Ruby Charm,Ruby Charm,Ruby 참,
base,Ruby Ring,Ruby Ring,Ruby 반지,
base,Rugged Cuirass,Rugged Cuirass,Rugged 흉갑,
base,Ruination Maul,Ruination Maul,Ruination 대형 망치,
base,Runed Focus,Runed Focus,Runed 집중구,
base,Runic Shortsword,Runic Shortsword,Runic Shortsword,
base,Runner Vest,Runner Vest,Runner Vest,
base,Rusted Cuirass,Rusted Cuirass,Rusted 흉갑,
base,Rusted Greathelm,Rusted Greathelm,Rusted Greathelm,
base,Sacral Quiver,Sacral Quiver,Sacral 화살통,
base,Sacramental Robe,Sacramental Robe,Sacramental 로브,
base,Sacred Focus,Sacred Focus,Sacred 집중구,
base,Sacred Maul,Sacred Maul,Sacred 대형 망치,
base,Sacrificial Axe,Sacrificial Axe,Sacrificial Axe,
base,Sacrificial Mantle,Sacrificial Mantle,Sacrificial Mantle,
base,Sacrificial Regalia,Sacrificial Regalia,Sacrificial Regalia,
base,Saintly Crown,Saintly Crown,Saintly Crown,
base,Sanctified Staff,Sanctified Staff,Sanctified Staff,
base,Sandsworn Cuirass,Sandsworn Cuirass,Sandsworn 흉갑,
base,Sandsworn Sandals,Sandsworn Sandals,Sandsworn Sandals,
base,Sandsworn Tiara,Sandsworn Tiara,Sandsworn 관,
base,Sapphire,Sapphire,Sapphire,
base,Sapphire Charm,Sapphire Charm,Sapphire 참,
base,Sapphire Ring,Sapphire Ring,Sapphire 반지,
base,Savage Greataxe,Savage Greataxe,Savage Greataxe,
base,Scale Mail,Scale Mail,Scale 갑옷,
base,Scalper's Jacket,Scalper's Jacket,Scalper's Jacket,
base,Scimitar,Scimitar,Scimitar,
base,Scoundrel Armour,Scoundrel Armour,Scoundrel 방어도,
base,Scoundrel Jacket,Scoundrel Jacket,Scoundrel Jacket,
base,Scout's Vest,Scout's Vest,Scout's Vest,
base,Seaglass Spear,Seaglass Spear,Seaglass 창,
base,Seastorm Mantle,Seastorm Mantle,Seastorm Mantle,
base,Sectarian Crest Shield,Sectarian Crest Shield,Sectarian Crest 방패,
base,Sectioned Bracers,Sectioned Bracers,Sectioned Bracers,
base,Secured Leggings,Secured Leggings,Secured 각반,
base,Secured Wraps,Secured Wraps,Secured 손싸개,
base,Seer Crest Shield,Seer Crest Shield,Seer Crest 방패,
base,Sekhema Sandals,Sekhema Sandals,Sekhema Sandals,
base,Sekheman Crest Shield,Sekheman Crest Shield,Sekheman Crest 방패,
base,Sentinel Greathelm,Sentinel Greathelm,Sentinel Greathelm,
base,Serpentscale Boots,Serpentscale Boots,Serpentscale Boots,
base,Serpentscale Coat,Serpentscale Coat,Serpentscale Coat,
base,Serrated Quiver,Serrated Quiver,Serrated 화살통,
base,Shabby Hood,Shabby Hood,Shabby Hood,
base,Shaded Mask,Shaded Mask,Shaded Mask,
base,Shaman Mantle,Shaman Mantle,Shaman Mantle,
base,Shamanistic Leggings,Shamanistic Leggings,Shamanistic 각반,
base,Sharktooth Claw,Sharktooth Claw,Sharktooth Claw,
base,Shielded Helm,Shielded Helm,Shielded Helm,
base,Shortbow,Shortbow,Shortbow,
base,Shortsword,Shortsword,Shortsword,
base,Shrine Sceptre,Shrine Sceptre,Shrine Sceptre,
base,Shrine Sceptre (Purity of Cold),Shrine Sceptre (Purity of Cold),Shrine Sceptre (Purity의 냉기),
base,Shrine Sceptre (Purity of Fire),Shrine Sceptre (Purity of Fire),Shrine Sceptre (Purity의 화염),
base,Shrine Sceptre (Purity of Lighting),Shrine Sceptre (Purity of Lighting),Shrine Sceptre (Purity의 Lighting),
base,Shrouded Mail,Shrouded Mail,Shrouded 갑옷,
base,Shrouded Vest,Shrouded Vest,Shrouded Vest,
base,Sickle Sword,Sickle Sword,Sickle Sword,
base,Siege Crossbow,Siege Crossbow,Siege 쇠뇌,
base,Sigil Crest Shield,Sigil Crest Shield,Sigil Crest 방패,
base,Signet Cuffs,Signet Cuffs,인장 반지 소맷단,
base,Silk Robe,Silk Robe,Silk 로브,
base,Silk Slippers,Silk Slippers,Silk Slippers,
base,Silver Charm,Silver Charm,Silver 참,
base,Silverbuckled Shoes,Silverbuckled Shoes,Silverbuckled Shoes,
base,Simple Dagger,Simple Dagger,Simple Dagger,
base,Sinister Quarterstaff,Sinister Quarterstaff,Sinister 육척봉,
base,Siphoning Wand,Siphoning Wand,Siphoning 마법봉,
base,Sirenscale Gloves,Sirenscale Gloves,Sirenscale Gloves,
base,Skinning Knife,Skinning Knife,Skinning Knife,
base,Skulking Mask,Skulking Mask,Skulking Mask,
base,Skullcrusher Quarterstaff,Skullcrusher Quarterstaff,Skullcrusher 육척봉,
base,Skycrown Tiara,Skycrown Tiara,Skycrown 관,
base,Slayer Armour,Slayer Armour,Slayer 방어도,
base,Sleek Boots,Sleek Boots,Sleek Boots,
base,Sleek Jacket,Sleek Jacket,Sleek Jacket,
base,Slender Flail,Slender Flail,Slender 도리깨,
base,Slicing Quarterstaff,Slicing Quarterstaff,Slicing 육척봉,
base,Slim Mace,Slim Mace,Slim Mace,
base,Slipstrike Vest,Slipstrike Vest,Slipstrike Vest,
base,Smithing Hammer,Smithing Hammer,Smithing 망치,
base,Smooth Quarterstaff,Smooth Quarterstaff,Smooth 육척봉,
base,Smuggler Coat,Smuggler Coat,Smuggler Coat,
base,Snakewood Greathammer,Snakewood Greathammer,Snakewood Greathammer,
base,Snakewood Shortbow,Snakewood Shortbow,Snakewood Shortbow,
base,Soaring Mask,Soaring Mask,Soaring Mask,
base,Soaring Spear,Soaring Spear,Soaring 창,
base,Soaring Targe,Soaring Targe,Soaring Targe,
base,Solar Amulet,Solar Amulet,Solar 목걸이,
base,Soldier Cuirass,Soldier Cuirass,Soldier 흉갑,
base,Soldier Greathelm,Soldier Greathelm,Soldier Greathelm,
base,Soldier Helm,Soldier Helm,Soldier Helm,
base,Soldiering Sabatons,Soldiering Sabatons,Soldiering Sabatons,
base,Solemn Maul,Solemn Maul,Solemn 대형 망치,
base,Solid Mask,Solid Mask,Solid Mask,
base,Sombre Gloves,Sombre Gloves,Sombre Gloves,
base,Sorcerous Tiara,Sorcerous Tiara,Sorcerous 관,
base,Spiked Bracers,Spiked Bracers,Spiked Bracers,
base,Spiked Buckler,Spiked Buckler,Spiked 버클러,
base,Spiked Club,Spiked Club,Spiked 곤봉,
base,Spiked Spear,Spiked Spear,Spiked 창,
base,Spikeward Buckler,Spikeward Buckler,Spikeward 버클러,
base,Spined Bracers,Spined Bracers,Spined Bracers,
base,Spiny Talisman,Spiny Talisman,Spiny 부적,
base,Spiral Wraps,Spiral Wraps,Spiral 손싸개,
base,Spired Greathelm,Spired Greathelm,Spired Greathelm,
base,Spiritbone Crown,Spiritbone Crown,Spiritbone Crown,
base,Splintered Flail,Splintered Flail,Splintered 도리깨,
base,Splintered Tower Shield,Splintered Tower Shield,Splintered 타워 방패,
base,Splitting Greataxe,Splitting Greataxe,Splitting Greataxe,
base,Spriggan Staff,Spriggan Staff,Spriggan Staff,
base,Sprinters Leg,Sprinters Leg,Sprinters Leg,
base,Stacked Sabatons,Stacked Sabatons,Stacked Sabatons,
base,Staghorn Focus,Staghorn Focus,Staghorn 집중구,
base,Stalking Bracers,Stalking Bracers,Stalking Bracers,
base,Stalking Spear,Stalking Spear,Stalking 창,
base,Staunching Charm,Staunching Charm,Staunching 참,
base,Steel Plate,Steel Plate,Steel Plate,
base,Steelhead Spear,Steelhead Spear,Steelhead 창,
base,Steelmail Gauntlets,Steelmail Gauntlets,Steelmail Gauntlets,
base,Steelpoint Quarterstaff,Steelpoint Quarterstaff,Steelpoint 육척봉,
base,Steelpoint Shoes,Steelpoint Shoes,Steelpoint Shoes,
base,Steeltoe Boots,Steeltoe Boots,Steeltoe Boots,
base,Stellar Amulet,Stellar Amulet,Stellar 목걸이,
base,Stitched Gloves,Stitched Gloves,Stitched Gloves,
base,Stocky Mitts,Stocky Mitts,Stocky 장갑,
base,Stoic Crest Shield,Stoic Crest Shield,Stoic Crest 방패,
base,Stoic Sceptre,Stoic Sceptre,Stoic Sceptre,
base,Stone Charm,Stone Charm,Stone 참,
base,Stone Cuirass,Stone Cuirass,Stone 흉갑,
base,Stone Flail,Stone Flail,Stone 도리깨,
base,Stone Greatsword,Stone Greatsword,Stone Greatsword,
base,Stone Greaves,Stone Greaves,Stone Greaves,
base,Stone Targe,Stone Targe,Stone Targe,
base,Stone Tower Shield,Stone Tower Shield,Stone 타워 방패,
base,Stout Crossbow,Stout Crossbow,Stout 쇠뇌,
base,Stratified Targe,Stratified Targe,Stratified Targe,
base,Straw Sandals,Straw Sandals,Straw Sandals,
base,Strider Vest,Strider Vest,Strider Vest,
base,Strife Pick,Strife Pick,Strife Pick,
base,Striking Quarterstaff,Striking Quarterstaff,Striking 육척봉,
base,Striking Spear,Striking Spear,Striking 창,
base,Structured Hammer,Structured Hammer,Structured 망치,
base,Studded Boots,Studded Boots,Studded Boots,
base,Studded Greatclub,Studded Greatclub,Studded Greatclub,
base,Studded Sandals,Studded Sandals,Studded Sandals,
base,Studded Targe,Studded Targe,Studded Targe,
base,Studded Vest,Studded Vest,Studded Vest,
base,Sturdy Crossbow,Sturdy Crossbow,Sturdy 쇠뇌,
base,Sturdy Leg,Sturdy Leg,Sturdy Leg,
base,Suede Bracers,Suede Bracers,Suede Bracers,
base,Surefooted Leg,Surefooted Leg,Surefooted Leg,
base,Swathed Cap,Swathed Cap,Swathed Cap,
base,Swift Bracers,Swift Bracers,Swift Bracers,
base,Swift Spear,Swift Spear,Swift 창,
base,Swiftstalker Coat,Swiftstalker Coat,Swiftstalker Coat,
base,Sword Spear,Sword Spear,Sword 창,
base,Talon Claw,Talon Claw,Talon Claw,
base,Tasalian Focus,Tasalian Focus,Tasalian 집중구,
base,Tasalian Greaves,Tasalian Greaves,Tasalian Greaves,
base,Tattered Robe,Tattered Robe,Tattered 로브,
base,Taut Crossbow,Taut Crossbow,Taut 쇠뇌,
base,Tawhoan Greatclub,Tawhoan Greatclub,Tawhoan Greatclub,
base,Tawhoan Tower Shield,Tawhoan Tower Shield,Tawhoan 타워 방패,
base,Tearing Flail,Tearing Flail,Tearing 도리깨,
base,Tempered Mitts,Tempered Mitts,Tempered 장갑,
base,Templar Vestments,Templar Vestments,Templar Vestments,
base,Temple Maul,Temple Maul,Temple 대형 망치,
base,Tenebrous Amulet,Tenebrous Amulet,Tenebrous 목걸이,
base,Tenebrous Ring,Tenebrous Ring,Tenebrous 반지,
base,Tense Crossbow,Tense Crossbow,Tense 쇠뇌,
base,Thane Mail,Thane Mail,Thane 갑옷,
base,Thawing Charm,Thawing Charm,Thawing 참,
base,Threaded Shoes,Threaded Shoes,Threaded Shoes,
base,Thunder Talisman,Thunder Talisman,Thunder 부적,
base,Tideseer Mantle,Tideseer Mantle,Tideseer Mantle,
base,Time-Lost Diamond,Time-Lost Diamond,Time-Lost Diamond,
base,Time-Lost Emerald,Time-Lost Emerald,Time-Lost Emerald,
base,Time-Lost Ruby,Time-Lost Ruby,Time-Lost Ruby,
base,Time-Lost Sapphire,Time-Lost Sapphire,Time-Lost Sapphire,
base,Timeless Jewel,Timeless Jewel,Timeless 주얼,
base,Titan Mitts,Titan Mitts,Titan 장갑,
base,Tonal Focus,Tonal Focus,Tonal 집중구,
base,Topaz Charm,Topaz Charm,Topaz 참,
base,Topaz Ring,Topaz Ring,Topaz 반지,
base,Torment Club,Torment Club,Torment 곤봉,
base,Torment Jacket,Torment Jacket,Torment Jacket,
base,Torn Gloves,Torn Gloves,Torn Gloves,
base,Torture Wand,Torture Wand,Torture 마법봉,
base,Totemic Greatclub,Totemic Greatclub,Totemic Greatclub,
base,Totemic Greaves,Totemic Greaves,Totemic Greaves,
base,Tournament Mail,Tournament Mail,Tournament 갑옷,
base,Toxic Quiver,Toxic Quiver,Toxic 화살통,
base,Trailblazer Armour,Trailblazer Armour,Trailblazer 방어도,
base,Transcendent Life Flask,Transcendent Life Flask,Transcendent 생명력 플라스크,
base,Transcendent Mana Flask,Transcendent Mana Flask,Transcendent 마나 플라스크,
base,Trapper Hood,Trapper Hood,Trapper Hood,
base,Treasured Blade,Treasured Blade,Treasured Blade,
base,Treerunner Shoes,Treerunner Shoes,Treerunner Shoes,
base,Tribal Bow,Tribal Bow,Tribal 활,
base,Tribal Mask,Tribal Mask,Tribal Mask,
base,Trimmed Greaves,Trimmed Greaves,Trimmed Greaves,
base,Twig Circlet,Twig Circlet,Twig Circlet,
base,Twig Focus,Twig Focus,Twig 집중구,
base,Twilight Tiara,Twilight Tiara,Twilight 관,
base,Twin Bow,Twin Bow,Twin 활,
base,Twin Crossbow,Twin Crossbow,Twin 쇠뇌,
base,Twin Flail,Twin Flail,Twin 도리깨,
base,Two-Point Quiver,Two-Point Quiver,Two-Point 화살통,
base,Ultimate Life Flask,Ultimate Life Flask,Ultimate 생명력 플라스크,
base,Ultimate Mana Flask,Ultimate Mana Flask,Ultimate 마나 플라스크,
base,Ultra Greatsword,Ultra Greatsword,Ultra Greatsword,
base,Unset Ring,Unset Ring,Unset 반지,
base,Utility Belt,Utility Belt,Utility Belt,
base,Utility Wraps,Utility Wraps,Utility 손싸개,
base,Utzaal Cuirass,Utzaal Cuirass,Utzaal 흉갑,
base,Vaal Crest Shield,Vaal Crest Shield,Vaal Crest 방패,
base,Vaal Cuirass,Vaal Cuirass,Vaal 흉갑,
base,Vaal Gloves,Vaal Gloves,Vaal Gloves,
base,Vaal Greaves,Vaal Greaves,Vaal Greaves,
base,Vaal Mitts,Vaal Mitts,Vaal 장갑,
base,Vaal Tower Shield,Vaal Tower Shield,Vaal 타워 방패,
base,Vaal Wraps,Vaal Wraps,Vaal 손싸개,
base,Vagabond Armour,Vagabond Armour,Vagabond 방어도,
base,Vampiric Blade,Vampiric Blade,Vampiric Blade,
base,Varnished Crossbow,Varnished Crossbow,Varnished 쇠뇌,
base,Veiled Mask,Veiled Mask,Veiled Mask,
base,Velour Shoes,Velour Shoes,Velour Shoes,
base,Velvet Cap,Velvet Cap,Velvet Cap,
base,Venerated Mantle,Venerated Mantle,Venerated Mantle,
base,Verisium Cuffs,Verisium Cuffs,Verisium 소맷단,
base,Vermeil Circlet,Vermeil Circlet,Vermeil Circlet,
base,Veteran Sabatons,Veteran Sabatons,Veteran Sabatons,
base,Vicious Talisman,Vicious Talisman,Vicious 부적,
base,Vile Greataxe,Vile Greataxe,Vile Greataxe,
base,Vile Robe,Vile Robe,Vile 로브,
base,Viper Cap,Viper Cap,Viper Cap,
base,Visceral Quiver,Visceral Quiver,Visceral 화살통,
base,Visored Helm,Visored Helm,Visored Helm,
base,Volant Quiver,Volant Quiver,Volant 화살통,
base,Volatile Wand,Volatile Wand,Volatile 마법봉,
base,Voltaic Staff,Voltaic Staff,Voltaic Staff,
base,Voltfang Talisman,Voltfang Talisman,Voltfang 부적,
base,Voodoo Focus,Voodoo Focus,Voodoo 집중구,
base,Votive Raiment,Votive Raiment,Votive 의복,
base,Wanderer Armour,Wanderer Armour,Wanderer 방어도,
base,Wanderer Shoes,Wanderer Shoes,Wanderer Shoes,
base,War Spear,War Spear,War 창,
base,War Wraps,War Wraps,War 손싸개,
base,Warded Helm,Warded Helm,Warded Helm,
base,Warden Bow,Warden Bow,Warden 활,
base,Warlock Leggings,Warlock Leggings,Warlock 각반,
base,Warlord Cuirass,Warlord Cuirass,Warlord 흉갑,
base,Warmonger Bow,Warmonger Bow,Warmonger 활,
base,Warmonger Greathelm,Warmonger Greathelm,Warmonger Greathelm,
base,Warpick,Warpick,Warpick,
base,Warrior Greathelm,Warrior Greathelm,전사 Greathelm,
base,Waxed Jacket,Waxed Jacket,Waxed Jacket,
base,Waxing Quarterstaff,Waxing Quarterstaff,Waxing 육척봉,
base,Wayfarer Jacket,Wayfarer Jacket,Wayfarer Jacket,
base,Wayfarer Shoes,Wayfarer Shoes,Wayfarer Shoes,
base,Wayward Crest Shield,Wayward Crest Shield,Wayward Crest 방패,
base,Weaver Leggings,Weaver Leggings,Weaver 각반,
base,Whorl Focus,Whorl Focus,Whorl 집중구,
base,Wicker Tiara,Wicker Tiara,Wicker 관,
base,Wide Belt,Wide Belt,Wide Belt,
base,Wildwood Talisman,Wildwood Talisman,Wildwood 부적,
base,Wingbeat Talisman,Wingbeat Talisman,Wingbeat 부적,
base,Winged Spear,Winged Spear,Winged 창,
base,Withered Wand,Withered Wand,Withered 마법봉,
base,Wolfbone Claw,Wolfbone Claw,Wolfbone Claw,
base,Wolfskin Mantle,Wolfskin Mantle,Wolfskin Mantle,
base,Wooden Buckler,Wooden Buckler,Wooden 버클러,
base,Wooden Club,Wooden Club,나무 몽둥이,목제 클럽|wooden club
base,Wool Cap,Wool Cap,Wool Cap,
base,Woven Cap,Woven Cap,Woven Cap,
base,Woven Focus,Woven Focus,Woven 집중구,
base,Wrapped Cap,Wrapped Cap,Wrapped Cap,
base,Wrapped Greathelm,Wrapped Greathelm,Wrapped Greathelm,
base,Wrapped Quarterstaff,Wrapped Quarterstaff,Wrapped 육척봉,
base,Wrapped Sandals,Wrapped Sandals,Wrapped Sandals,
base,Wrath Sceptre,Wrath Sceptre,Wrath Sceptre,
base,Wreath Focus,Wreath Focus,Wreath 집중구,
base,Wyrm Quarterstaff,Wyrm Quarterstaff,Wyrm 육척봉,
base,Wyrmscale Coat,Wyrmscale Coat,Wyrmscale Coat,
base,Zealot Bow,Zealot Bow,Zealot 활,
base,Zealot Crown,Zealot Crown,Zealot Crown,
base,Zealot Gauntlets,Zealot Gauntlets,Zealot Gauntlets,
base,Zealot Greathammer,Zealot Greathammer,Zealot Greathammer,
base,Zenith Vestments,Zenith Vestments,Zenith Vestments,
